"https://www.linkedin.com/jobs/view/1442549298","https://www.linkedin.com/jobs/view/1615262368","https://www.linkedin.com/jobs/view/1580590932","https://www.linkedin.com/jobs/view/1580553088","https://www.linkedin.com/jobs/view/1621069266","https://www.linkedin.com/jobs/view/1348568742","https://www.linkedin.com/jobs/view/1621025081","https://www.linkedin.com/jobs/view/1617287465","https://www.linkedin.com/jobs/view/1483705983","https://www.linkedin.com/jobs/view/1616315243","https://www.linkedin.com/jobs/view/1511250514","https://www.linkedin.com/jobs/view/1585016710","https://www.linkedin.com/jobs/view/1623087271","https://www.linkedin.com/jobs/view/1578898656","https://www.linkedin.com/jobs/view/1617296125","https://www.linkedin.com/jobs/view/1566376199","https://www.linkedin.com/jobs/view/1545320849","https://www.linkedin.com/jobs/view/1566336236","https://www.linkedin.com/jobs/view/1582104176","https://www.linkedin.com/jobs/view/1578577019","https://www.linkedin.com/jobs/view/1537590659"
"https://www.linkedin.com/jobs/view/1589626962","https://www.linkedin.com/jobs/view/1565079131","https://www.linkedin.com/jobs/view/1612871315","https://www.linkedin.com/jobs/view/1585978903","https://www.linkedin.com/jobs/view/1623427841","https://www.linkedin.com/jobs/view/1580540965","https://www.linkedin.com/jobs/view/1562531293","https://www.linkedin.com/jobs/view/1529101229","https://www.linkedin.com/jobs/view/1623290748","https://www.linkedin.com/jobs/view/1565087735","https://www.linkedin.com/jobs/view/1575303028","https://www.linkedin.com/jobs/view/1580598811","https://www.linkedin.com/jobs/view/1446149492","https://www.linkedin.com/jobs/view/1597078166","https://www.linkedin.com/jobs/view/1580551794","https://www.linkedin.com/jobs/view/1532910460","https://www.linkedin.com/jobs/view/1597252237","https://www.linkedin.com/jobs/view/1392387687","https://www.linkedin.com/jobs/view/1625909062","https://www.linkedin.com/jobs/view/1603187993","https://www.linkedin.com/jobs/view/1540493396","https://www.linkedin.com/jobs/view/1578829105","https://www.linkedin.com/jobs/view/1435327073","https://www.linkedin.com/jobs/view/1578513626"
"https://www.linkedin.com/jobs/view/1562339835","https://www.linkedin.com/jobs/view/1545092812","https://www.linkedin.com/jobs/view/1573135460","https://www.linkedin.com/jobs/view/1622255944","https://www.linkedin.com/jobs/view/1558408607","https://www.linkedin.com/jobs/view/1554427691","https://www.linkedin.com/jobs/view/1278476629","https://www.linkedin.com/jobs/view/1555905822","https://www.linkedin.com/jobs/view/1623268933","https://www.linkedin.com/jobs/view/1578516271","https://www.linkedin.com/jobs/view/1615926846","https://www.linkedin.com/jobs/view/1497591379","https://www.linkedin.com/jobs/view/1594035177","https://www.linkedin.com/jobs/view/1580597036","https://www.linkedin.com/jobs/view/1623288430","https://www.linkedin.com/jobs/view/1578558105","https://www.linkedin.com/jobs/view/1621430997","https://www.linkedin.com/jobs/view/1545060557","https://www.linkedin.com/jobs/view/1544865171","https://www.linkedin.com/jobs/view/1582130788","https://www.linkedin.com/jobs/view/1626160017"
"https://www.linkedin.com/jobs/view/1529243252","https://www.linkedin.com/jobs/view/1606155724","https://www.linkedin.com/jobs/view/1599129790","https://www.linkedin.com/jobs/view/1621209722","https://www.linkedin.com/jobs/view/1623480860","https://www.linkedin.com/jobs/view/1546353566","https://www.linkedin.com/jobs/view/1283930808","https://www.linkedin.com/jobs/view/1557977632","https://www.linkedin.com/jobs/view/1599674742","https://www.linkedin.com/jobs/view/1478314502","https://www.linkedin.com/jobs/view/1561457561","https://www.linkedin.com/jobs/view/1623308542","https://www.linkedin.com/jobs/view/1580517460","https://www.linkedin.com/jobs/view/1604457100","https://www.linkedin.com/jobs/view/1574077649","https://www.linkedin.com/jobs/view/1566413452","https://www.linkedin.com/jobs/view/1603144713","https://www.linkedin.com/jobs/view/1592925060","https://www.linkedin.com/jobs/view/1578516448","https://www.linkedin.com/jobs/view/1612507407","https://www.linkedin.com/jobs/view/1426695022","https://www.linkedin.com/jobs/view/1611869027","https://www.linkedin.com/jobs/view/1557998933"
"https://www.linkedin.com/jobs/view/1567927090","https://www.linkedin.com/jobs/view/1612994390","https://www.linkedin.com/jobs/view/1283975082","https://www.linkedin.com/jobs/view/1609216110","https://www.linkedin.com/jobs/view/1599129790","https://www.linkedin.com/jobs/view/1615266178","https://www.linkedin.com/jobs/view/1586995637","https://www.linkedin.com/jobs/view/1611539769","https://www.linkedin.com/jobs/view/1623302288","https://www.linkedin.com/jobs/view/1283930808","https://www.linkedin.com/jobs/view/1557977632","https://www.linkedin.com/jobs/view/1538196490","https://www.linkedin.com/jobs/view/1621514945","https://www.linkedin.com/jobs/view/1580517460","https://www.linkedin.com/jobs/view/1601226644","https://www.linkedin.com/jobs/view/1578558105","https://www.linkedin.com/jobs/view/1529040974","https://www.linkedin.com/jobs/view/1569451254","https://www.linkedin.com/jobs/view/1578516448","https://www.linkedin.com/jobs/view/1575342199","https://www.linkedin.com/jobs/view/1426695022","https://www.linkedin.com/jobs/view/1606155724"
"https://www.linkedin.com/jobs/view/1426768632","https://www.linkedin.com/jobs/view/1597369710","https://www.linkedin.com/jobs/view/1475398004","https://www.linkedin.com/jobs/view/1543300484","https://www.linkedin.com/jobs/view/1580588416","https://www.linkedin.com/jobs/view/1611681791","https://www.linkedin.com/jobs/view/1611680230","https://www.linkedin.com/jobs/view/1621036539","https://www.linkedin.com/jobs/view/1603281750","https://www.linkedin.com/jobs/view/1528718232","https://www.linkedin.com/jobs/view/1511251117","https://www.linkedin.com/jobs/view/1582121030","https://www.linkedin.com/jobs/view/1553281023","https://www.linkedin.com/jobs/view/1573157876","https://www.linkedin.com/jobs/view/1619436360","https://www.linkedin.com/jobs/view/1561846726","https://www.linkedin.com/jobs/view/1618290871","https://www.linkedin.com/jobs/view/1499310678","https://www.linkedin.com/jobs/view/1569471535","https://www.linkedin.com/jobs/view/1446762508","https://www.linkedin.com/jobs/view/1569430902","https://www.linkedin.com/jobs/view/1529133537","https://www.linkedin.com/jobs/view/1569414362","https://www.linkedin.com/jobs/view/1555902702"
"https://www.linkedin.com/jobs/view/1540477272","https://www.linkedin.com/jobs/view/1619855416","https://www.linkedin.com/jobs/view/1623306920","https://www.linkedin.com/jobs/view/1563719914","https://www.linkedin.com/jobs/view/1621036539","https://www.linkedin.com/jobs/view/1603281750","https://www.linkedin.com/jobs/view/1550954818","https://www.linkedin.com/jobs/view/1575945380","https://www.linkedin.com/jobs/view/1587165263","https://www.linkedin.com/jobs/view/1562608284","https://www.linkedin.com/jobs/view/1616325452","https://www.linkedin.com/jobs/view/1528718232","https://www.linkedin.com/jobs/view/1511251117","https://www.linkedin.com/jobs/view/1545124098","https://www.linkedin.com/jobs/view/1561485499","https://www.linkedin.com/jobs/view/1572856528","https://www.linkedin.com/jobs/view/1575150528","https://www.linkedin.com/jobs/view/1561846726","https://www.linkedin.com/jobs/view/1499310678","https://www.linkedin.com/jobs/view/1546365894","https://www.linkedin.com/jobs/view/1608730967","https://www.linkedin.com/jobs/view/1529133537","https://www.linkedin.com/jobs/view/1569414362","https://www.linkedin.com/jobs/view/1561657994"
"https://www.linkedin.com/jobs/view/1582127509","https://www.linkedin.com/jobs/view/1578517082","https://www.linkedin.com/jobs/view/1607644422","https://www.linkedin.com/jobs/view/1586904139","https://www.linkedin.com/jobs/view/1464206634","https://www.linkedin.com/jobs/view/1611704287","https://www.linkedin.com/jobs/view/1555956307","https://www.linkedin.com/jobs/view/1616165046","https://www.linkedin.com/jobs/view/1589266477","https://www.linkedin.com/jobs/view/1478414553","https://www.linkedin.com/jobs/view/1621013948","https://www.linkedin.com/jobs/view/1560774458","https://www.linkedin.com/jobs/view/1561898253","https://www.linkedin.com/jobs/view/1587348254","https://www.linkedin.com/jobs/view/1560288282","https://www.linkedin.com/jobs/view/1585182490","https://www.linkedin.com/jobs/view/1593693209","https://www.linkedin.com/jobs/view/1604949713","https://www.linkedin.com/jobs/view/1315729739","https://www.linkedin.com/jobs/view/1537554185","https://www.linkedin.com/jobs/view/1515146777","https://www.linkedin.com/jobs/view/1562076618","https://www.linkedin.com/jobs/view/1573195775","https://www.linkedin.com/jobs/view/1445210989","https://www.linkedin.com/jobs/view/1561171573"
"https://www.linkedin.com/jobs/view/1582127509","https://www.linkedin.com/jobs/view/1578517082","https://www.linkedin.com/jobs/view/1607644422","https://www.linkedin.com/jobs/view/1464206634","https://www.linkedin.com/jobs/view/1586904139","https://www.linkedin.com/jobs/view/1611704287","https://www.linkedin.com/jobs/view/1555956307","https://www.linkedin.com/jobs/view/1616165046","https://www.linkedin.com/jobs/view/1589266477","https://www.linkedin.com/jobs/view/1478414553","https://www.linkedin.com/jobs/view/1561898253","https://www.linkedin.com/jobs/view/1587348254","https://www.linkedin.com/jobs/view/1560288282","https://www.linkedin.com/jobs/view/1585182490","https://www.linkedin.com/jobs/view/1586995592","https://www.linkedin.com/jobs/view/1593693209","https://www.linkedin.com/jobs/view/1604949713","https://www.linkedin.com/jobs/view/1315729739","https://www.linkedin.com/jobs/view/1537554185","https://www.linkedin.com/jobs/view/1515146777","https://www.linkedin.com/jobs/view/1562076618","https://www.linkedin.com/jobs/view/1573195775","https://www.linkedin.com/jobs/view/1445210989","https://www.linkedin.com/jobs/view/1561171573"
"https://www.linkedin.com/jobs/view/1623490511","https://www.linkedin.com/jobs/view/1625906880","https://www.linkedin.com/jobs/view/1593504999","https://www.linkedin.com/jobs/view/1545481607","https://www.linkedin.com/jobs/view/1603143018","https://www.linkedin.com/jobs/view/1582120542","https://www.linkedin.com/jobs/view/1614933319","https://www.linkedin.com/jobs/view/1598261486","https://www.linkedin.com/jobs/view/1623285023","https://www.linkedin.com/jobs/view/1604575270","https://www.linkedin.com/jobs/view/1560774458","https://www.linkedin.com/jobs/view/1582121040","https://www.linkedin.com/jobs/view/1468050714","https://www.linkedin.com/jobs/view/1562913936","https://www.linkedin.com/jobs/view/1559629862","https://www.linkedin.com/jobs/view/1621207880","https://www.linkedin.com/jobs/view/1608060201","https://www.linkedin.com/jobs/view/1502235883","https://www.linkedin.com/jobs/view/1478315264","https://www.linkedin.com/jobs/view/1562271553","https://www.linkedin.com/jobs/view/1577359595","https://www.linkedin.com/jobs/view/1569433379","https://www.linkedin.com/jobs/view/1561311089"
"https://www.linkedin.com/jobs/view/1623490511","https://www.linkedin.com/jobs/view/1446761561","https://www.linkedin.com/jobs/view/1625906880","https://www.linkedin.com/jobs/view/1603143018","https://www.linkedin.com/jobs/view/1573127219","https://www.linkedin.com/jobs/view/1543300484","https://www.linkedin.com/jobs/view/1623285023","https://www.linkedin.com/jobs/view/1586995637","https://www.linkedin.com/jobs/view/1582121040","https://www.linkedin.com/jobs/view/1603201086","https://www.linkedin.com/jobs/view/1468050714","https://www.linkedin.com/jobs/view/1616290027","https://www.linkedin.com/jobs/view/1612169479","https://www.linkedin.com/jobs/view/1562913936","https://www.linkedin.com/jobs/view/1559629862","https://www.linkedin.com/jobs/view/1621191347","https://www.linkedin.com/jobs/view/1553280304","https://www.linkedin.com/jobs/view/1611864051","https://www.linkedin.com/jobs/view/1573174328","https://www.linkedin.com/jobs/view/1454106300","https://www.linkedin.com/jobs/view/1502235883","https://www.linkedin.com/jobs/view/1478315264","https://www.linkedin.com/jobs/view/1569433379"
"https://www.linkedin.com/jobs/view/1613887290","https://www.linkedin.com/jobs/view/1566911025","https://www.linkedin.com/jobs/view/1555972529","https://www.linkedin.com/jobs/view/1555904939","https://www.linkedin.com/jobs/view/1566979390","https://www.linkedin.com/jobs/view/1445094247","https://www.linkedin.com/jobs/view/1555931933","https://www.linkedin.com/jobs/view/1444258478","https://www.linkedin.com/jobs/view/1615511299","https://www.linkedin.com/jobs/view/1578514626","https://www.linkedin.com/jobs/view/1615918380","https://www.linkedin.com/jobs/view/1611652802","https://www.linkedin.com/jobs/view/1562221404","https://www.linkedin.com/jobs/view/1511250824","https://www.linkedin.com/jobs/view/1475400472","https://www.linkedin.com/jobs/view/1598770123","https://www.linkedin.com/jobs/view/1597982112","https://www.linkedin.com/jobs/view/1621730391","https://www.linkedin.com/jobs/view/1577356957","https://www.linkedin.com/jobs/view/1578505869","https://www.linkedin.com/jobs/view/1562705669","https://www.linkedin.com/jobs/view/1600925219","https://www.linkedin.com/jobs/view/1573170380","https://www.linkedin.com/jobs/view/1571642171","https://www.linkedin.com/jobs/view/1194947630"
"https://www.linkedin.com/jobs/view/1613887290","https://www.linkedin.com/jobs/view/1555972529","https://www.linkedin.com/jobs/view/1566979390","https://www.linkedin.com/jobs/view/1445094247","https://www.linkedin.com/jobs/view/1444258478","https://www.linkedin.com/jobs/view/1615511299","https://www.linkedin.com/jobs/view/1599685199","https://www.linkedin.com/jobs/view/1582119622","https://www.linkedin.com/jobs/view/1615918380","https://www.linkedin.com/jobs/view/1611652802","https://www.linkedin.com/jobs/view/206452360/","https://www.linkedin.com/jobs/view/1562221404","https://www.linkedin.com/jobs/view/1621191347","https://www.linkedin.com/jobs/view/1599541335","https://www.linkedin.com/jobs/view/1511250824","https://www.linkedin.com/jobs/view/1620724004","https://www.linkedin.com/jobs/view/1582164004","https://www.linkedin.com/jobs/view/1528985012","https://www.linkedin.com/jobs/view/1578505869","https://www.linkedin.com/jobs/view/1573170380","https://www.linkedin.com/jobs/view/1571642171","https://www.linkedin.com/jobs/view/1194947630"
"https://www.linkedin.com/jobs/view/1566911025","https://www.linkedin.com/jobs/view/1278948493","https://www.linkedin.com/jobs/view/1573168518","https://www.linkedin.com/jobs/view/1545481607","https://www.linkedin.com/jobs/view/1615510685","https://www.linkedin.com/jobs/view/1578514626","https://www.linkedin.com/jobs/view/1580532191","https://www.linkedin.com/jobs/view/1619818436","https://www.linkedin.com/jobs/view/1608087252","https://www.linkedin.com/jobs/view/1563382897","https://www.linkedin.com/jobs/view/1580552176","https://www.linkedin.com/jobs/view/1597982112","https://www.linkedin.com/jobs/view/1621315279","https://www.linkedin.com/jobs/view/1597622868","https://www.linkedin.com/jobs/view/1592031682","https://www.linkedin.com/jobs/view/1559666210","https://www.linkedin.com/jobs/view/1577356957","https://www.linkedin.com/jobs/view/1553278495","https://www.linkedin.com/jobs/view/1592393026","https://www.linkedin.com/jobs/view/1616033186","https://www.linkedin.com/jobs/view/1603247241","https://www.linkedin.com/jobs/view/1600925219","https://www.linkedin.com/jobs/view/1603226656","https://www.linkedin.com/jobs/view/1511250541","https://www.linkedin.com/jobs/view/1578512582"
"https://www.linkedin.com/jobs/view/1566911025","https://www.linkedin.com/jobs/view/1278948493","https://www.linkedin.com/jobs/view/1545481607","https://www.linkedin.com/jobs/view/1566979390","https://www.linkedin.com/jobs/view/1445094247","https://www.linkedin.com/jobs/view/1555931933","https://www.linkedin.com/jobs/view/1444258478","https://www.linkedin.com/jobs/view/1578514626","https://www.linkedin.com/jobs/view/1611652802","https://www.linkedin.com/jobs/view/206452360/","https://www.linkedin.com/jobs/view/1619818436","https://www.linkedin.com/jobs/view/1580552176","https://www.linkedin.com/jobs/view/1597982112","https://www.linkedin.com/jobs/view/1621315279","https://www.linkedin.com/jobs/view/1584291665","https://www.linkedin.com/jobs/view/1597622868","https://www.linkedin.com/jobs/view/1603047394","https://www.linkedin.com/jobs/view/1194947630","https://www.linkedin.com/jobs/view/1454100894","https://www.linkedin.com/jobs/view/1612507406","https://www.linkedin.com/jobs/view/1577356957","https://www.linkedin.com/jobs/view/1600925219","https://www.linkedin.com/jobs/view/1578512582"
"https://www.linkedin.com/jobs/view/1559640821","https://www.linkedin.com/jobs/view/1578512835","https://www.linkedin.com/jobs/view/1573168518","https://www.linkedin.com/jobs/view/1445209243","https://www.linkedin.com/jobs/view/1615510685","https://www.linkedin.com/jobs/view/1509125301","https://www.linkedin.com/jobs/view/1580532191","https://www.linkedin.com/jobs/view/1623427279","https://www.linkedin.com/jobs/view/1582119621","https://www.linkedin.com/jobs/view/1425909157","https://www.linkedin.com/jobs/view/1572842616","https://www.linkedin.com/jobs/view/1597111884","https://www.linkedin.com/jobs/view/1608087252","https://www.linkedin.com/jobs/view/1563382897","https://www.linkedin.com/jobs/view/1555869315","https://www.linkedin.com/jobs/view/1444269341","https://www.linkedin.com/jobs/view/1559666210","https://www.linkedin.com/jobs/view/1611657515","https://www.linkedin.com/jobs/view/1601096800","https://www.linkedin.com/jobs/view/1592393026","https://www.linkedin.com/jobs/view/1616033186","https://www.linkedin.com/jobs/view/1565264157","https://www.linkedin.com/jobs/view/1603226656","https://www.linkedin.com/jobs/view/1511250541","https://www.linkedin.com/jobs/view/1599595989"
"https://www.linkedin.com/jobs/view/1559640821","https://www.linkedin.com/jobs/view/1578512835","https://www.linkedin.com/jobs/view/1615510685","https://www.linkedin.com/jobs/view/1574667738","https://www.linkedin.com/jobs/view/1562223846","https://www.linkedin.com/jobs/view/1509125301","https://www.linkedin.com/jobs/view/1582119621","https://www.linkedin.com/jobs/view/1425909157","https://www.linkedin.com/jobs/view/1545060564","https://www.linkedin.com/jobs/view/1563382897","https://www.linkedin.com/jobs/view/1621315279","https://www.linkedin.com/jobs/view/1584291665","https://www.linkedin.com/jobs/view/1602916087","https://www.linkedin.com/jobs/view/1555869315","https://www.linkedin.com/jobs/view/1559666210","https://www.linkedin.com/jobs/view/1611657515","https://www.linkedin.com/jobs/view/1601096800","https://www.linkedin.com/jobs/view/1592393026","https://www.linkedin.com/jobs/view/1566913453","https://www.linkedin.com/jobs/view/1616033186","https://www.linkedin.com/jobs/view/1599085963","https://www.linkedin.com/jobs/view/1511250541"
"https://www.linkedin.com/jobs/view/1555867848","https://www.linkedin.com/jobs/view/1499009195","https://www.linkedin.com/jobs/view/1578702419","https://www.linkedin.com/jobs/view/1611688077","https://www.linkedin.com/jobs/view/1559663848","https://www.linkedin.com/jobs/view/1623427279","https://www.linkedin.com/jobs/view/1577357882","https://www.linkedin.com/jobs/view/1605433626","https://www.linkedin.com/jobs/view/1454111950","https://www.linkedin.com/jobs/view/1597111884","https://www.linkedin.com/jobs/view/1620999130","https://www.linkedin.com/jobs/view/1578592460","https://www.linkedin.com/jobs/view/1427980413","https://www.linkedin.com/jobs/view/1452321733","https://www.linkedin.com/jobs/view/1599404294","https://www.linkedin.com/jobs/view/1566912409","https://www.linkedin.com/jobs/view/1580568588","https://www.linkedin.com/jobs/view/1582117996","https://www.linkedin.com/jobs/view/1386747776","https://www.linkedin.com/jobs/view/1575077178","https://www.linkedin.com/jobs/view/1565264157","https://www.linkedin.com/jobs/view/1625801535","https://www.linkedin.com/jobs/view/1509164866","https://www.linkedin.com/jobs/view/1623494143","https://www.linkedin.com/jobs/view/1599595989"
"https://www.linkedin.com/jobs/view/1555867848","https://www.linkedin.com/jobs/view/1578702419","https://www.linkedin.com/jobs/view/1611688077","https://www.linkedin.com/jobs/view/1559663848","https://www.linkedin.com/jobs/view/1566999585","https://www.linkedin.com/jobs/view/1577357882","https://www.linkedin.com/jobs/view/1605433626","https://www.linkedin.com/jobs/view/1454111950","https://www.linkedin.com/jobs/view/1597111884","https://www.linkedin.com/jobs/view/1620999130","https://www.linkedin.com/jobs/view/1578592460","https://www.linkedin.com/jobs/view/1555526932","https://www.linkedin.com/jobs/view/1452321733","https://www.linkedin.com/jobs/view/1599404294","https://www.linkedin.com/jobs/view/1566912409","https://www.linkedin.com/jobs/view/1580568588","https://www.linkedin.com/jobs/view/1582117996","https://www.linkedin.com/jobs/view/1386747776","https://www.linkedin.com/jobs/view/1566913453","https://www.linkedin.com/jobs/view/1575077178","https://www.linkedin.com/jobs/view/1625801535","https://www.linkedin.com/jobs/view/1509164866","https://www.linkedin.com/jobs/view/1599136983"
"https://www.linkedin.com/jobs/view/1585822230","https://www.linkedin.com/jobs/view/1603181040","https://www.linkedin.com/jobs/view/1511332011","https://www.linkedin.com/jobs/view/1452391596","https://www.linkedin.com/jobs/view/1485291913","https://www.linkedin.com/jobs/view/1578884061","https://www.linkedin.com/jobs/view/1527610121","https://www.linkedin.com/jobs/view/1582121047","https://www.linkedin.com/jobs/view/1239219596","https://www.linkedin.com/jobs/view/1525346964","https://www.linkedin.com/jobs/view/1604160034","https://www.linkedin.com/jobs/view/1573172482","https://www.linkedin.com/jobs/view/1611709440","https://www.linkedin.com/jobs/view/1497521299","https://www.linkedin.com/jobs/view/1593656714","https://www.linkedin.com/jobs/view/1602330172","https://www.linkedin.com/jobs/view/1626163507","https://www.linkedin.com/jobs/view/1499153479","https://www.linkedin.com/jobs/view/1350645032","https://www.linkedin.com/jobs/view/1538136551","https://www.linkedin.com/jobs/view/1485293716","https://www.linkedin.com/jobs/view/1623494143","https://www.linkedin.com/jobs/view/1593293089"
"https://www.linkedin.com/jobs/view/1520625028","https://www.linkedin.com/jobs/view/1555867848","https://www.linkedin.com/jobs/view/1585822230","https://www.linkedin.com/jobs/view/1511332011","https://www.linkedin.com/jobs/view/1578702419","https://www.linkedin.com/jobs/view/1611688077","https://www.linkedin.com/jobs/view/1597041631","https://www.linkedin.com/jobs/view/1578884061","https://www.linkedin.com/jobs/view/1527610121","https://www.linkedin.com/jobs/view/1597111884","https://www.linkedin.com/jobs/view/1515113450","https://www.linkedin.com/jobs/view/1525346964","https://www.linkedin.com/jobs/view/1573172482","https://www.linkedin.com/jobs/view/1599404294","https://www.linkedin.com/jobs/view/1611709440","https://www.linkedin.com/jobs/view/1497521299","https://www.linkedin.com/jobs/view/1580568588","https://www.linkedin.com/jobs/view/1593656714","https://www.linkedin.com/jobs/view/1626163507","https://www.linkedin.com/jobs/view/1499153479","https://www.linkedin.com/jobs/view/1350645032","https://www.linkedin.com/jobs/view/1538136551","https://www.linkedin.com/jobs/view/1485293716","https://www.linkedin.com/jobs/view/1623494143","https://www.linkedin.com/jobs/view/1593293089"
"https://www.linkedin.com/jobs/view/1623425424","https://www.linkedin.com/jobs/view/1511325587","https://www.linkedin.com/jobs/view/1455684405","https://www.linkedin.com/jobs/view/1597285046","https://www.linkedin.com/jobs/view/1603181040","https://www.linkedin.com/jobs/view/1596884142","https://www.linkedin.com/jobs/view/1452391596","https://www.linkedin.com/jobs/view/1615512048","https://www.linkedin.com/jobs/view/1544778312","https://www.linkedin.com/jobs/view/1611887879","https://www.linkedin.com/jobs/view/1592031583","https://www.linkedin.com/jobs/view/1485291913","https://www.linkedin.com/jobs/view/1582121047","https://www.linkedin.com/jobs/view/1239219596","https://www.linkedin.com/jobs/view/1569456951","https://www.linkedin.com/jobs/view/1502235909","https://www.linkedin.com/jobs/view/1604160034","https://www.linkedin.com/jobs/view/1238848358","https://www.linkedin.com/jobs/view/1615381546","https://www.linkedin.com/jobs/view/1602330172","https://www.linkedin.com/jobs/view/1511703333","https://www.linkedin.com/jobs/view/1499344051"
"https://www.linkedin.com/jobs/view/1623425424","https://www.linkedin.com/jobs/view/1572439719","https://www.linkedin.com/jobs/view/1597285046","https://www.linkedin.com/jobs/view/1603181040","https://www.linkedin.com/jobs/view/1596884142","https://www.linkedin.com/jobs/view/1452391596","https://www.linkedin.com/jobs/view/1603045192","https://www.linkedin.com/jobs/view/1611887879","https://www.linkedin.com/jobs/view/1485291913","https://www.linkedin.com/jobs/view/1582121047","https://www.linkedin.com/jobs/view/1239219596","https://www.linkedin.com/jobs/view/1569456951","https://www.linkedin.com/jobs/view/1515113450","https://www.linkedin.com/jobs/view/1599183273","https://www.linkedin.com/jobs/view/1502235909","https://www.linkedin.com/jobs/view/1604160034","https://www.linkedin.com/jobs/view/1238848358","https://www.linkedin.com/jobs/view/1619816814","https://www.linkedin.com/jobs/view/1615381546","https://www.linkedin.com/jobs/view/1602330172","https://www.linkedin.com/jobs/view/1550930775","https://www.linkedin.com/jobs/view/1602985455"
"https://www.linkedin.com/jobs/view/1455684405","https://www.linkedin.com/jobs/view/1594415645","https://www.linkedin.com/jobs/view/1615512048","https://www.linkedin.com/jobs/view/1605413204","https://www.linkedin.com/jobs/view/1569458186","https://www.linkedin.com/jobs/view/1599007492","https://www.linkedin.com/jobs/view/1544778312","https://www.linkedin.com/jobs/view/1478302114","https://www.linkedin.com/jobs/view/1592031583","https://www.linkedin.com/jobs/view/1615362243","https://www.linkedin.com/jobs/view/1547989491","https://www.linkedin.com/jobs/view/1605411950","https://www.linkedin.com/jobs/view/1615734690","https://www.linkedin.com/jobs/view/1625634810","https://www.linkedin.com/jobs/view/1511330484","https://www.linkedin.com/jobs/view/1569720506","https://www.linkedin.com/jobs/view/1615512255","https://www.linkedin.com/jobs/view/1511250634","https://www.linkedin.com/jobs/view/1511250661","https://www.linkedin.com/jobs/view/1511703333","https://www.linkedin.com/jobs/view/1620596075","https://www.linkedin.com/jobs/view/1511404619","https://www.linkedin.com/jobs/view/1554442709"
"https://www.linkedin.com/jobs/view/1572439719","https://www.linkedin.com/jobs/view/1561003611","https://www.linkedin.com/jobs/view/1594415645","https://www.linkedin.com/jobs/view/1540393584","https://www.linkedin.com/jobs/view/1596885785","https://www.linkedin.com/jobs/view/1615512048","https://www.linkedin.com/jobs/view/1605413204","https://www.linkedin.com/jobs/view/1599007492","https://www.linkedin.com/jobs/view/1540363740","https://www.linkedin.com/jobs/view/1615362243","https://www.linkedin.com/jobs/view/1597374912","https://www.linkedin.com/jobs/view/1605411950","https://www.linkedin.com/jobs/view/1511330484","https://www.linkedin.com/jobs/view/1599507322","https://www.linkedin.com/jobs/view/1599545641","https://www.linkedin.com/jobs/view/1569720506","https://www.linkedin.com/jobs/view/1511250634","https://www.linkedin.com/jobs/view/1511250661","https://www.linkedin.com/jobs/view/1550930775","https://www.linkedin.com/jobs/view/1511703333","https://www.linkedin.com/jobs/view/1478293092","https://www.linkedin.com/jobs/view/1554442709"
"https://www.linkedin.com/jobs/view/1597339727","https://www.linkedin.com/jobs/view/1612620267","https://www.linkedin.com/jobs/view/1625043371","https://www.linkedin.com/jobs/view/1605438634","https://www.linkedin.com/jobs/view/1569458186","https://www.linkedin.com/jobs/view/1478302114","https://www.linkedin.com/jobs/view/1511329842","https://www.linkedin.com/jobs/view/1511252829","https://www.linkedin.com/jobs/view/1511249752","https://www.linkedin.com/jobs/view/1604459628","https://www.linkedin.com/jobs/view/1450368733","https://www.linkedin.com/jobs/view/1615734690","https://www.linkedin.com/jobs/view/1604017683","https://www.linkedin.com/jobs/view/1597662703","https://www.linkedin.com/jobs/view/1606160299","https://www.linkedin.com/jobs/view/1511329991","https://www.linkedin.com/jobs/view/1597346614","https://www.linkedin.com/jobs/view/1621272296","https://www.linkedin.com/jobs/view/1603171119","https://www.linkedin.com/jobs/view/1603231879","https://www.linkedin.com/jobs/view/1615785373","https://www.linkedin.com/jobs/view/1511250585"
"https://www.linkedin.com/jobs/view/1605438634","https://www.linkedin.com/jobs/view/1569458186","https://www.linkedin.com/jobs/view/1478302114","https://www.linkedin.com/jobs/view/1511329842","https://www.linkedin.com/jobs/view/1511252829","https://www.linkedin.com/jobs/view/1598995556","https://www.linkedin.com/jobs/view/1511249752","https://www.linkedin.com/jobs/view/815445046/","https://www.linkedin.com/jobs/view/1426780826","https://www.linkedin.com/jobs/view/1604459628","https://www.linkedin.com/jobs/view/1450368733","https://www.linkedin.com/jobs/view/1615734690","https://www.linkedin.com/jobs/view/1540290768","https://www.linkedin.com/jobs/view/1604017683","https://www.linkedin.com/jobs/view/1597662703","https://www.linkedin.com/jobs/view/1606160299","https://www.linkedin.com/jobs/view/1511329991","https://www.linkedin.com/jobs/view/1511250634","https://www.linkedin.com/jobs/view/1603171119","https://www.linkedin.com/jobs/view/1599585356","https://www.linkedin.com/jobs/view/1603231879","https://www.linkedin.com/jobs/view/1602995026","https://www.linkedin.com/jobs/view/1478293092","https://www.linkedin.com/jobs/view/1478292495","https://www.linkedin.com/jobs/view/1511250585"
"https://www.linkedin.com/jobs/view/1597339727","https://www.linkedin.com/jobs/view/1612088360","https://www.linkedin.com/jobs/view/1556275194","https://www.linkedin.com/jobs/view/1612620267","https://www.linkedin.com/jobs/view/1597126893","https://www.linkedin.com/jobs/view/1625043371","https://www.linkedin.com/jobs/view/1612030556","https://www.linkedin.com/jobs/view/1511334751","https://www.linkedin.com/jobs/view/1615513363","https://www.linkedin.com/jobs/view/1615380558","https://www.linkedin.com/jobs/view/1605462926","https://www.linkedin.com/jobs/view/1621445925","https://www.linkedin.com/jobs/view/1613631929","https://www.linkedin.com/jobs/view/1597346614","https://www.linkedin.com/jobs/view/1615512276","https://www.linkedin.com/jobs/view/1621272296","https://www.linkedin.com/jobs/view/1623416601","https://www.linkedin.com/jobs/view/1511255039","https://www.linkedin.com/jobs/view/1599082073","https://www.linkedin.com/jobs/view/1603082248","https://www.linkedin.com/jobs/view/1615509849","https://www.linkedin.com/jobs/view/1615509973","https://www.linkedin.com/jobs/view/1615785373"
"https://www.linkedin.com/jobs/view/1602944170","https://www.linkedin.com/jobs/view/1597339727","https://www.linkedin.com/jobs/view/1612088360","https://www.linkedin.com/jobs/view/1556275194","https://www.linkedin.com/jobs/view/1597651494","https://www.linkedin.com/jobs/view/1612620267","https://www.linkedin.com/jobs/view/1597126893","https://www.linkedin.com/jobs/view/1625043371","https://www.linkedin.com/jobs/view/1612030556","https://www.linkedin.com/jobs/view/1511334751","https://www.linkedin.com/jobs/view/1605462926","https://www.linkedin.com/jobs/view/1450368733","https://www.linkedin.com/jobs/view/1540290768","https://www.linkedin.com/jobs/view/1606160299","https://www.linkedin.com/jobs/view/1597346614","https://www.linkedin.com/jobs/view/1621272296","https://www.linkedin.com/jobs/view/1511255039","https://www.linkedin.com/jobs/view/1599082073","https://www.linkedin.com/jobs/view/1603082248","https://www.linkedin.com/jobs/view/1599585356","https://www.linkedin.com/jobs/view/1540369248","https://www.linkedin.com/jobs/view/1615785373","https://www.linkedin.com/jobs/view/1592110252"
"https://www.linkedin.com/jobs/view/1615385257","https://www.linkedin.com/jobs/view/1605415475","https://www.linkedin.com/jobs/view/1615512483","https://www.linkedin.com/jobs/view/1605410286","https://www.linkedin.com/jobs/view/1599448769","https://www.linkedin.com/jobs/view/1599540270","https://www.linkedin.com/jobs/view/1603108936","https://www.linkedin.com/jobs/view/1615513363","https://www.linkedin.com/jobs/view/1615511298","https://www.linkedin.com/jobs/view/1615509482","https://www.linkedin.com/jobs/view/1615380558","https://www.linkedin.com/jobs/view/1516524204","https://www.linkedin.com/jobs/view/1621445925","https://www.linkedin.com/jobs/view/1613631929","https://www.linkedin.com/jobs/view/1615379517","https://www.linkedin.com/jobs/view/1615512069","https://www.linkedin.com/jobs/view/1623416601","https://www.linkedin.com/jobs/view/1623529165","https://www.linkedin.com/jobs/view/1615509973","https://www.linkedin.com/jobs/view/1615507787","https://www.linkedin.com/jobs/view/1603226664","https://www.linkedin.com/jobs/view/1605411415","https://www.linkedin.com/jobs/view/1605412785"
"https://www.linkedin.com/jobs/view/1615512430","https://www.linkedin.com/jobs/view/1605415475","https://www.linkedin.com/jobs/view/1556275194","https://www.linkedin.com/jobs/view/1597126893","https://www.linkedin.com/jobs/view/1615512483","https://www.linkedin.com/jobs/view/1599448769","https://www.linkedin.com/jobs/view/1599540270","https://www.linkedin.com/jobs/view/1603108936","https://www.linkedin.com/jobs/view/1615513363","https://www.linkedin.com/jobs/view/1615511298","https://www.linkedin.com/jobs/view/1615509482","https://www.linkedin.com/jobs/view/1615380558","https://www.linkedin.com/jobs/view/1605462926","https://www.linkedin.com/jobs/view/1516524204","https://www.linkedin.com/jobs/view/1621445925","https://www.linkedin.com/jobs/view/1613631929","https://www.linkedin.com/jobs/view/1615379517","https://www.linkedin.com/jobs/view/1615512069","https://www.linkedin.com/jobs/view/1562432784","https://www.linkedin.com/jobs/view/1623416601","https://www.linkedin.com/jobs/view/1603082248","https://www.linkedin.com/jobs/view/1615509973","https://www.linkedin.com/jobs/view/1603226664","https://www.linkedin.com/jobs/view/1605411415","https://www.linkedin.com/jobs/view/1605412785"
"https://www.linkedin.com/jobs/view/1596877513","https://www.linkedin.com/jobs/view/1597360908","https://www.linkedin.com/jobs/view/1615385257","https://www.linkedin.com/jobs/view/1605410286","https://www.linkedin.com/jobs/view/1615380097","https://www.linkedin.com/jobs/view/1454152233","https://www.linkedin.com/jobs/view/1551489431","https://www.linkedin.com/jobs/view/1624248252","https://www.linkedin.com/jobs/view/1612539902","https://www.linkedin.com/jobs/view/1604631263","https://www.linkedin.com/jobs/view/1601846119","https://www.linkedin.com/jobs/view/1615436109","https://www.linkedin.com/jobs/view/1602936793","https://www.linkedin.com/jobs/view/1579060756","https://www.linkedin.com/jobs/view/1615509985","https://www.linkedin.com/jobs/view/1603174622","https://www.linkedin.com/jobs/view/1547364480","https://www.linkedin.com/jobs/view/1605407705","https://www.linkedin.com/jobs/view/1613662813","https://www.linkedin.com/jobs/view/1599450259","https://www.linkedin.com/jobs/view/1623529165","https://www.linkedin.com/jobs/view/1597338771","https://www.linkedin.com/jobs/view/1615507787","https://www.linkedin.com/jobs/view/1615283870"
"https://www.linkedin.com/jobs/view/1615512430","https://www.linkedin.com/jobs/view/1615385257","https://www.linkedin.com/jobs/view/1605415475","https://www.linkedin.com/jobs/view/1605410286","https://www.linkedin.com/jobs/view/1615380097","https://www.linkedin.com/jobs/view/1454152233","https://www.linkedin.com/jobs/view/1624248252","https://www.linkedin.com/jobs/view/1612539902","https://www.linkedin.com/jobs/view/1604631263","https://www.linkedin.com/jobs/view/1601846119","https://www.linkedin.com/jobs/view/1615436109","https://www.linkedin.com/jobs/view/1602936793","https://www.linkedin.com/jobs/view/1603174622","https://www.linkedin.com/jobs/view/1547364480","https://www.linkedin.com/jobs/view/1613662813","https://www.linkedin.com/jobs/view/1599450259","https://www.linkedin.com/jobs/view/1605407705","https://www.linkedin.com/jobs/view/1562432784","https://www.linkedin.com/jobs/view/1623529165","https://www.linkedin.com/jobs/view/1597338771","https://www.linkedin.com/jobs/view/1615507787","https://www.linkedin.com/jobs/view/1615283870","https://www.linkedin.com/jobs/view/1605409561","https://www.linkedin.com/jobs/view/1605412785"
"https://www.linkedin.com/jobs/view/1599372079","https://www.linkedin.com/jobs/view/1597360908","https://www.linkedin.com/jobs/view/1615707038","https://www.linkedin.com/jobs/view/1612443836","https://www.linkedin.com/jobs/view/1615426705","https://www.linkedin.com/jobs/view/1613055586","https://www.linkedin.com/jobs/view/1551489431","https://www.linkedin.com/jobs/view/1599504817","https://www.linkedin.com/jobs/view/1615511137","https://www.linkedin.com/jobs/view/1622117902","https://www.linkedin.com/jobs/view/1616311849","https://www.linkedin.com/jobs/view/1579060756","https://www.linkedin.com/jobs/view/1612450724","https://www.linkedin.com/jobs/view/1615509985","https://www.linkedin.com/jobs/view/1615381398","https://www.linkedin.com/jobs/view/1615513017","https://www.linkedin.com/jobs/view/1596515092","https://www.linkedin.com/jobs/view/1615430115","https://www.linkedin.com/jobs/view/1597655742","https://www.linkedin.com/jobs/view/1598203817","https://www.linkedin.com/jobs/view/1615507824","https://www.linkedin.com/jobs/view/1603943060","https://www.linkedin.com/jobs/view/1605414055"
"https://www.linkedin.com/jobs/view/1596877513","https://www.linkedin.com/jobs/view/1597360908","https://www.linkedin.com/jobs/view/1612443836","https://www.linkedin.com/jobs/view/1551489431","https://www.linkedin.com/jobs/view/1624248252","https://www.linkedin.com/jobs/view/1612539902","https://www.linkedin.com/jobs/view/1615511137","https://www.linkedin.com/jobs/view/1601846119","https://www.linkedin.com/jobs/view/1622117902","https://www.linkedin.com/jobs/view/1616311849","https://www.linkedin.com/jobs/view/1615436109","https://www.linkedin.com/jobs/view/1602936793","https://www.linkedin.com/jobs/view/1579060756","https://www.linkedin.com/jobs/view/1612450724","https://www.linkedin.com/jobs/view/1615509985","https://www.linkedin.com/jobs/view/1615381398","https://www.linkedin.com/jobs/view/1603174622","https://www.linkedin.com/jobs/view/1596515092","https://www.linkedin.com/jobs/view/1605407705","https://www.linkedin.com/jobs/view/1597338771","https://www.linkedin.com/jobs/view/1598203817","https://www.linkedin.com/jobs/view/1615507824","https://www.linkedin.com/jobs/view/1603943060","https://www.linkedin.com/jobs/view/1605409561"
"https://www.linkedin.com/jobs/view/1599372079","https://www.linkedin.com/jobs/view/1615707038","https://www.linkedin.com/jobs/view/1562342514","https://www.linkedin.com/jobs/view/1615426705","https://www.linkedin.com/jobs/view/1605414198","https://www.linkedin.com/jobs/view/1605409941","https://www.linkedin.com/jobs/view/1605410561","https://www.linkedin.com/jobs/view/1599504817","https://www.linkedin.com/jobs/view/1612968950","https://www.linkedin.com/jobs/view/1615513024","https://www.linkedin.com/jobs/view/1605412258","https://www.linkedin.com/jobs/view/1612771117","https://www.linkedin.com/jobs/view/1615379185","https://www.linkedin.com/jobs/view/1615513017","https://www.linkedin.com/jobs/view/1615430115","https://www.linkedin.com/jobs/view/1597655742","https://www.linkedin.com/jobs/view/1561288890","https://www.linkedin.com/jobs/view/1605413480","https://www.linkedin.com/jobs/view/1565931555","https://www.linkedin.com/jobs/view/1601229730","https://www.linkedin.com/jobs/view/1553265726","https://www.linkedin.com/jobs/view/1605414055","https://www.linkedin.com/jobs/view/1605413230","https://www.linkedin.com/jobs/view/1609731376"
"https://www.linkedin.com/jobs/view/1599372079","https://www.linkedin.com/jobs/view/1615707038","https://www.linkedin.com/jobs/view/1562342514","https://www.linkedin.com/jobs/view/1612443836","https://www.linkedin.com/jobs/view/1613055586","https://www.linkedin.com/jobs/view/1605414198","https://www.linkedin.com/jobs/view/1599504817","https://www.linkedin.com/jobs/view/1615513024","https://www.linkedin.com/jobs/view/1622117902","https://www.linkedin.com/jobs/view/1616311849","https://www.linkedin.com/jobs/view/1605412258","https://www.linkedin.com/jobs/view/1612450724","https://www.linkedin.com/jobs/view/1612771117","https://www.linkedin.com/jobs/view/1615381398","https://www.linkedin.com/jobs/view/1615379185","https://www.linkedin.com/jobs/view/1596515092","https://www.linkedin.com/jobs/view/1597655742","https://www.linkedin.com/jobs/view/1561288890","https://www.linkedin.com/jobs/view/1605413480","https://www.linkedin.com/jobs/view/1603943060","https://www.linkedin.com/jobs/view/1553265726","https://www.linkedin.com/jobs/view/1605414055"
"https://www.linkedin.com/jobs/view/1623459527","https://www.linkedin.com/jobs/view/1615430128","https://www.linkedin.com/jobs/view/1615513295","https://www.linkedin.com/jobs/view/1615424994","https://www.linkedin.com/jobs/view/1560810701","https://www.linkedin.com/jobs/view/1605409941","https://www.linkedin.com/jobs/view/1612443826","https://www.linkedin.com/jobs/view/1603208002","https://www.linkedin.com/jobs/view/1605410561","https://www.linkedin.com/jobs/view/1612968950","https://www.linkedin.com/jobs/view/1615658081","https://www.linkedin.com/jobs/view/1599330534","https://www.linkedin.com/jobs/view/1535393497","https://www.linkedin.com/jobs/view/1585849257","https://www.linkedin.com/jobs/view/1615511505","https://www.linkedin.com/jobs/view/1565931555","https://www.linkedin.com/jobs/view/1615509622","https://www.linkedin.com/jobs/view/1601229730","https://www.linkedin.com/jobs/view/1592898828","https://www.linkedin.com/jobs/view/1615512304","https://www.linkedin.com/jobs/view/1561939547","https://www.linkedin.com/jobs/view/1604133890","https://www.linkedin.com/jobs/view/1605413230","https://www.linkedin.com/jobs/view/1609731376"
"https://www.linkedin.com/jobs/view/1623459527","https://www.linkedin.com/jobs/view/1615430128","https://www.linkedin.com/jobs/view/1615513295","https://www.linkedin.com/jobs/view/1560810701","https://www.linkedin.com/jobs/view/1605409941","https://www.linkedin.com/jobs/view/1612443826","https://www.linkedin.com/jobs/view/1603208002","https://www.linkedin.com/jobs/view/1605410561","https://www.linkedin.com/jobs/view/1612968950","https://www.linkedin.com/jobs/view/1615513024","https://www.linkedin.com/jobs/view/1599330534","https://www.linkedin.com/jobs/view/1615658081","https://www.linkedin.com/jobs/view/1585849257","https://www.linkedin.com/jobs/view/1615511505","https://www.linkedin.com/jobs/view/1561288890","https://www.linkedin.com/jobs/view/1565931555","https://www.linkedin.com/jobs/view/1615509622","https://www.linkedin.com/jobs/view/1601229730","https://www.linkedin.com/jobs/view/1561939547","https://www.linkedin.com/jobs/view/1553265726","https://www.linkedin.com/jobs/view/1572517080","https://www.linkedin.com/jobs/view/1604133890","https://www.linkedin.com/jobs/view/1605413230","https://www.linkedin.com/jobs/view/1609731376"
"https://www.linkedin.com/jobs/view/1604572636","https://www.linkedin.com/jobs/view/1612915069","https://www.linkedin.com/jobs/view/1605410749","https://www.linkedin.com/jobs/view/1597027746","https://www.linkedin.com/jobs/view/1615424994","https://www.linkedin.com/jobs/view/1561265764","https://www.linkedin.com/jobs/view/1603110788","https://www.linkedin.com/jobs/view/1599186918","https://www.linkedin.com/jobs/view/1611921799","https://www.linkedin.com/jobs/view/1604675216","https://www.linkedin.com/jobs/view/1615509860","https://www.linkedin.com/jobs/view/1565536547","https://www.linkedin.com/jobs/view/1575394734","https://www.linkedin.com/jobs/view/1562386993","https://www.linkedin.com/jobs/view/1535393497","https://www.linkedin.com/jobs/view/1605410528","https://www.linkedin.com/jobs/view/1607616008","https://www.linkedin.com/jobs/view/1597588885","https://www.linkedin.com/jobs/view/1599468728","https://www.linkedin.com/jobs/view/1592898828","https://www.linkedin.com/jobs/view/1624517953","https://www.linkedin.com/jobs/view/1621363976","https://www.linkedin.com/jobs/view/1599522579","https://www.linkedin.com/jobs/view/1562278018","https://www.linkedin.com/jobs/view/1466937550"
"https://www.linkedin.com/jobs/view/1580567164","https://www.linkedin.com/jobs/view/1573196423","https://www.linkedin.com/jobs/view/1592035323","https://www.linkedin.com/jobs/view/1582134479","https://www.linkedin.com/jobs/view/1580540952","https://www.linkedin.com/jobs/view/1582166406","https://www.linkedin.com/jobs/view/1580556825","https://www.linkedin.com/jobs/view/1582170402"
"https://www.linkedin.com/jobs/view/1580567164","https://www.linkedin.com/jobs/view/1573196423","https://www.linkedin.com/jobs/view/1592035323","https://www.linkedin.com/jobs/view/1582134479","https://www.linkedin.com/jobs/view/1580540952","https://www.linkedin.com/jobs/view/1582166406","https://www.linkedin.com/jobs/view/1580556825","https://www.linkedin.com/jobs/view/1582170402"
"https://www.linkedin.com/jobs/view/1580567164","https://www.linkedin.com/jobs/view/1573196423","https://www.linkedin.com/jobs/view/1592035323","https://www.linkedin.com/jobs/view/1582134479","https://www.linkedin.com/jobs/view/1580540952","https://www.linkedin.com/jobs/view/1582166406","https://www.linkedin.com/jobs/view/1580556825","https://www.linkedin.com/jobs/view/1582170402"
"https://www.linkedin.com/jobs/view/1580567164","https://www.linkedin.com/jobs/view/1573196423","https://www.linkedin.com/jobs/view/1592035323","https://www.linkedin.com/jobs/view/1582134479","https://www.linkedin.com/jobs/view/1580540952","https://www.linkedin.com/jobs/view/1582166406","https://www.linkedin.com/jobs/view/1580556825","https://www.linkedin.com/jobs/view/1582170402"
"https://www.linkedin.com/jobs/view/1580567164","https://www.linkedin.com/jobs/view/1573196423","https://www.linkedin.com/jobs/view/1592035323","https://www.linkedin.com/jobs/view/1582134479","https://www.linkedin.com/jobs/view/1580540952","https://www.linkedin.com/jobs/view/1582166406","https://www.linkedin.com/jobs/view/1580556825","https://www.linkedin.com/jobs/view/1582170402"
"https://www.linkedin.com/jobs/view/1580567164","https://www.linkedin.com/jobs/view/1573196423","https://www.linkedin.com/jobs/view/1592035323","https://www.linkedin.com/jobs/view/1582134479","https://www.linkedin.com/jobs/view/1580540952","https://www.linkedin.com/jobs/view/1582166406","https://www.linkedin.com/jobs/view/1580556825","https://www.linkedin.com/jobs/view/1582170402"
"https://www.linkedin.com/jobs/view/1580567164","https://www.linkedin.com/jobs/view/1573196423","https://www.linkedin.com/jobs/view/1592035323","https://www.linkedin.com/jobs/view/1582134479","https://www.linkedin.com/jobs/view/1580540952","https://www.linkedin.com/jobs/view/1582166406","https://www.linkedin.com/jobs/view/1580556825","https://www.linkedin.com/jobs/view/1582170402"
"https://www.linkedin.com/jobs/view/1580567164","https://www.linkedin.com/jobs/view/1573196423","https://www.linkedin.com/jobs/view/1592035323","https://www.linkedin.com/jobs/view/1582134479","https://www.linkedin.com/jobs/view/1580540952","https://www.linkedin.com/jobs/view/1582166406","https://www.linkedin.com/jobs/view/1580556825","https://www.linkedin.com/jobs/view/1582170402"
"https://www.linkedin.com/jobs/view/1580567164","https://www.linkedin.com/jobs/view/1573196423","https://www.linkedin.com/jobs/view/1592035323","https://www.linkedin.com/jobs/view/1582134479","https://www.linkedin.com/jobs/view/1580540952","https://www.linkedin.com/jobs/view/1582166406","https://www.linkedin.com/jobs/view/1580556825","https://www.linkedin.com/jobs/view/1582170402"
"https://www.linkedin.com/jobs/view/1580567164","https://www.linkedin.com/jobs/view/1573196423","https://www.linkedin.com/jobs/view/1592035323","https://www.linkedin.com/jobs/view/1582134479","https://www.linkedin.com/jobs/view/1580540952","https://www.linkedin.com/jobs/view/1582166406","https://www.linkedin.com/jobs/view/1580556825","https://www.linkedin.com/jobs/view/1582170402"
"https://www.linkedin.com/jobs/view/1580567164","https://www.linkedin.com/jobs/view/1573196423","https://www.linkedin.com/jobs/view/1592035323","https://www.linkedin.com/jobs/view/1582134479","https://www.linkedin.com/jobs/view/1580540952","https://www.linkedin.com/jobs/view/1582166406","https://www.linkedin.com/jobs/view/1580556825","https://www.linkedin.com/jobs/view/1582170402"
"https://www.linkedin.com/jobs/view/1580567164","https://www.linkedin.com/jobs/view/1573196423","https://www.linkedin.com/jobs/view/1592035323","https://www.linkedin.com/jobs/view/1582134479","https://www.linkedin.com/jobs/view/1580540952","https://www.linkedin.com/jobs/view/1582166406","https://www.linkedin.com/jobs/view/1580556825","https://www.linkedin.com/jobs/view/1582170402"
"https://www.linkedin.com/jobs/view/1580567164","https://www.linkedin.com/jobs/view/1573196423","https://www.linkedin.com/jobs/view/1592035323","https://www.linkedin.com/jobs/view/1582134479","https://www.linkedin.com/jobs/view/1580540952","https://www.linkedin.com/jobs/view/1582166406","https://www.linkedin.com/jobs/view/1580556825","https://www.linkedin.com/jobs/view/1582170402"
"https://www.linkedin.com/jobs/view/1580567164","https://www.linkedin.com/jobs/view/1573196423","https://www.linkedin.com/jobs/view/1592035323","https://www.linkedin.com/jobs/view/1582134479","https://www.linkedin.com/jobs/view/1580540952","https://www.linkedin.com/jobs/view/1582166406","https://www.linkedin.com/jobs/view/1580556825","https://www.linkedin.com/jobs/view/1582170402"
"https://www.linkedin.com/jobs/view/1580567164","https://www.linkedin.com/jobs/view/1573196423","https://www.linkedin.com/jobs/view/1592035323","https://www.linkedin.com/jobs/view/1582134479","https://www.linkedin.com/jobs/view/1580540952","https://www.linkedin.com/jobs/view/1582166406","https://www.linkedin.com/jobs/view/1580556825","https://www.linkedin.com/jobs/view/1582170402"
"https://www.linkedin.com/jobs/view/1580567164","https://www.linkedin.com/jobs/view/1573196423","https://www.linkedin.com/jobs/view/1592035323","https://www.linkedin.com/jobs/view/1582134479","https://www.linkedin.com/jobs/view/1580540952","https://www.linkedin.com/jobs/view/1582166406","https://www.linkedin.com/jobs/view/1580556825","https://www.linkedin.com/jobs/view/1582170402"
"https://www.linkedin.com/jobs/view/1580567164","https://www.linkedin.com/jobs/view/1573196423","https://www.linkedin.com/jobs/view/1592035323","https://www.linkedin.com/jobs/view/1582134479","https://www.linkedin.com/jobs/view/1580540952","https://www.linkedin.com/jobs/view/1582166406","https://www.linkedin.com/jobs/view/1580556825","https://www.linkedin.com/jobs/view/1582170402"
"https://www.linkedin.com/jobs/view/1580567164","https://www.linkedin.com/jobs/view/1573196423","https://www.linkedin.com/jobs/view/1592035323","https://www.linkedin.com/jobs/view/1582134479","https://www.linkedin.com/jobs/view/1580540952","https://www.linkedin.com/jobs/view/1582166406","https://www.linkedin.com/jobs/view/1580556825","https://www.linkedin.com/jobs/view/1582170402"
"https://www.linkedin.com/jobs/view/1580567164","https://www.linkedin.com/jobs/view/1573196423","https://www.linkedin.com/jobs/view/1592035323","https://www.linkedin.com/jobs/view/1582134479","https://www.linkedin.com/jobs/view/1580540952","https://www.linkedin.com/jobs/view/1582166406","https://www.linkedin.com/jobs/view/1580556825","https://www.linkedin.com/jobs/view/1582170402"
"https://www.linkedin.com/jobs/view/1580567164","https://www.linkedin.com/jobs/view/1573196423","https://www.linkedin.com/jobs/view/1592035323","https://www.linkedin.com/jobs/view/1582134479","https://www.linkedin.com/jobs/view/1580540952","https://www.linkedin.com/jobs/view/1582166406","https://www.linkedin.com/jobs/view/1580556825","https://www.linkedin.com/jobs/view/1582170402"
"https://www.linkedin.com/jobs/view/1580567164","https://www.linkedin.com/jobs/view/1573196423","https://www.linkedin.com/jobs/view/1592035323","https://www.linkedin.com/jobs/view/1582134479","https://www.linkedin.com/jobs/view/1580540952","https://www.linkedin.com/jobs/view/1582166406","https://www.linkedin.com/jobs/view/1580556825","https://www.linkedin.com/jobs/view/1582170402"
"https://www.linkedin.com/jobs/view/1580567164","https://www.linkedin.com/jobs/view/1573196423","https://www.linkedin.com/jobs/view/1592035323","https://www.linkedin.com/jobs/view/1582134479","https://www.linkedin.com/jobs/view/1580540952","https://www.linkedin.com/jobs/view/1582166406","https://www.linkedin.com/jobs/view/1580556825","https://www.linkedin.com/jobs/view/1582170402"
"https://www.linkedin.com/jobs/view/1580567164","https://www.linkedin.com/jobs/view/1573196423","https://www.linkedin.com/jobs/view/1592035323","https://www.linkedin.com/jobs/view/1582134479","https://www.linkedin.com/jobs/view/1580540952","https://www.linkedin.com/jobs/view/1582166406","https://www.linkedin.com/jobs/view/1580556825","https://www.linkedin.com/jobs/view/1582170402"
"https://www.linkedin.com/jobs/view/1580567164","https://www.linkedin.com/jobs/view/1573196423","https://www.linkedin.com/jobs/view/1592035323","https://www.linkedin.com/jobs/view/1582134479","https://www.linkedin.com/jobs/view/1580540952","https://www.linkedin.com/jobs/view/1582166406","https://www.linkedin.com/jobs/view/1580556825","https://www.linkedin.com/jobs/view/1582170402"
"https://www.linkedin.com/jobs/view/1580567164","https://www.linkedin.com/jobs/view/1573196423","https://www.linkedin.com/jobs/view/1592035323","https://www.linkedin.com/jobs/view/1582134479","https://www.linkedin.com/jobs/view/1580540952","https://www.linkedin.com/jobs/view/1582166406","https://www.linkedin.com/jobs/view/1580556825","https://www.linkedin.com/jobs/view/1582170402"
"https://www.linkedin.com/jobs/view/1580567164","https://www.linkedin.com/jobs/view/1573196423","https://www.linkedin.com/jobs/view/1592035323","https://www.linkedin.com/jobs/view/1582134479","https://www.linkedin.com/jobs/view/1580540952","https://www.linkedin.com/jobs/view/1582166406","https://www.linkedin.com/jobs/view/1580556825","https://www.linkedin.com/jobs/view/1582170402"
"https://www.linkedin.com/jobs/view/1580567164","https://www.linkedin.com/jobs/view/1573196423","https://www.linkedin.com/jobs/view/1592035323","https://www.linkedin.com/jobs/view/1582134479","https://www.linkedin.com/jobs/view/1580540952","https://www.linkedin.com/jobs/view/1582166406","https://www.linkedin.com/jobs/view/1580556825","https://www.linkedin.com/jobs/view/1582170402"
"https://www.linkedin.com/jobs/view/1580567164","https://www.linkedin.com/jobs/view/1573196423","https://www.linkedin.com/jobs/view/1592035323","https://www.linkedin.com/jobs/view/1582134479","https://www.linkedin.com/jobs/view/1580540952","https://www.linkedin.com/jobs/view/1582166406","https://www.linkedin.com/jobs/view/1580556825","https://www.linkedin.com/jobs/view/1582170402"
"https://www.linkedin.com/jobs/view/1580567164","https://www.linkedin.com/jobs/view/1573196423","https://www.linkedin.com/jobs/view/1592035323","https://www.linkedin.com/jobs/view/1582134479","https://www.linkedin.com/jobs/view/1580540952","https://www.linkedin.com/jobs/view/1582166406","https://www.linkedin.com/jobs/view/1580556825","https://www.linkedin.com/jobs/view/1582170402"
"https://www.linkedin.com/jobs/view/1580567164","https://www.linkedin.com/jobs/view/1573196423","https://www.linkedin.com/jobs/view/1592035323","https://www.linkedin.com/jobs/view/1582134479","https://www.linkedin.com/jobs/view/1580540952","https://www.linkedin.com/jobs/view/1582166406","https://www.linkedin.com/jobs/view/1580556825","https://www.linkedin.com/jobs/view/1582170402"
"https://www.linkedin.com/jobs/view/1580567164","https://www.linkedin.com/jobs/view/1573196423","https://www.linkedin.com/jobs/view/1592035323","https://www.linkedin.com/jobs/view/1582134479","https://www.linkedin.com/jobs/view/1580540952","https://www.linkedin.com/jobs/view/1582166406","https://www.linkedin.com/jobs/view/1580556825","https://www.linkedin.com/jobs/view/1582170402"
"https://www.linkedin.com/jobs/view/1580567164","https://www.linkedin.com/jobs/view/1573196423","https://www.linkedin.com/jobs/view/1592035323","https://www.linkedin.com/jobs/view/1582134479","https://www.linkedin.com/jobs/view/1580540952","https://www.linkedin.com/jobs/view/1582166406","https://www.linkedin.com/jobs/view/1580556825","https://www.linkedin.com/jobs/view/1582170402"
"https://www.linkedin.com/jobs/view/1580567164","https://www.linkedin.com/jobs/view/1573196423","https://www.linkedin.com/jobs/view/1592035323","https://www.linkedin.com/jobs/view/1582134479","https://www.linkedin.com/jobs/view/1580540952","https://www.linkedin.com/jobs/view/1582166406","https://www.linkedin.com/jobs/view/1580556825","https://www.linkedin.com/jobs/view/1582170402"
"https://www.linkedin.com/jobs/view/1580567164","https://www.linkedin.com/jobs/view/1573196423","https://www.linkedin.com/jobs/view/1592035323","https://www.linkedin.com/jobs/view/1582134479","https://www.linkedin.com/jobs/view/1580540952","https://www.linkedin.com/jobs/view/1582166406","https://www.linkedin.com/jobs/view/1580556825","https://www.linkedin.com/jobs/view/1582170402"
"https://www.linkedin.com/jobs/view/1580567164","https://www.linkedin.com/jobs/view/1573196423","https://www.linkedin.com/jobs/view/1592035323","https://www.linkedin.com/jobs/view/1582134479","https://www.linkedin.com/jobs/view/1580540952","https://www.linkedin.com/jobs/view/1582166406","https://www.linkedin.com/jobs/view/1580556825","https://www.linkedin.com/jobs/view/1582170402"
"https://www.linkedin.com/jobs/view/1580567164","https://www.linkedin.com/jobs/view/1573196423","https://www.linkedin.com/jobs/view/1592035323","https://www.linkedin.com/jobs/view/1582134479","https://www.linkedin.com/jobs/view/1580540952","https://www.linkedin.com/jobs/view/1582166406","https://www.linkedin.com/jobs/view/1580556825","https://www.linkedin.com/jobs/view/1582170402"
"https://www.linkedin.com/jobs/view/1580567164","https://www.linkedin.com/jobs/view/1573196423","https://www.linkedin.com/jobs/view/1592035323","https://www.linkedin.com/jobs/view/1582134479","https://www.linkedin.com/jobs/view/1580540952","https://www.linkedin.com/jobs/view/1582166406","https://www.linkedin.com/jobs/view/1580556825","https://www.linkedin.com/jobs/view/1582170402"
"https://www.linkedin.com/jobs/view/1580567164","https://www.linkedin.com/jobs/view/1573196423","https://www.linkedin.com/jobs/view/1592035323","https://www.linkedin.com/jobs/view/1582134479","https://www.linkedin.com/jobs/view/1580540952","https://www.linkedin.com/jobs/view/1582166406","https://www.linkedin.com/jobs/view/1580556825","https://www.linkedin.com/jobs/view/1582170402"
"https://www.linkedin.com/jobs/view/1580567164","https://www.linkedin.com/jobs/view/1573196423","https://www.linkedin.com/jobs/view/1592035323","https://www.linkedin.com/jobs/view/1582134479","https://www.linkedin.com/jobs/view/1580540952","https://www.linkedin.com/jobs/view/1582166406","https://www.linkedin.com/jobs/view/1580556825","https://www.linkedin.com/jobs/view/1582170402"
"https://www.linkedin.com/jobs/view/1573136391","https://www.linkedin.com/jobs/view/1046873581","https://www.linkedin.com/jobs/view/1575131307","https://www.linkedin.com/jobs/view/1581972826","https://www.linkedin.com/jobs/view/1554487413","https://www.linkedin.com/jobs/view/1625801535","https://www.linkedin.com/jobs/view/1550932385","https://www.linkedin.com/jobs/view/1555961002"
"https://www.linkedin.com/jobs/view/1561867058","https://www.linkedin.com/jobs/view/1581972826","https://www.linkedin.com/jobs/view/1555961002","https://www.linkedin.com/jobs/view/1625801535","https://www.linkedin.com/jobs/view/1554487413","https://www.linkedin.com/jobs/view/1575131307","https://www.linkedin.com/jobs/view/1550932385","https://www.linkedin.com/jobs/view/1573136391"
"https://www.linkedin.com/jobs/view/1442553388","https://www.linkedin.com/jobs/view/1561867058","https://www.linkedin.com/jobs/view/1575131307","https://www.linkedin.com/jobs/view/1581972826","https://www.linkedin.com/jobs/view/1596416610","https://www.linkedin.com/jobs/view/1569407681","https://www.linkedin.com/jobs/view/1573136391","https://www.linkedin.com/jobs/view/1537515698"
"https://www.linkedin.com/jobs/view/1561867058","https://www.linkedin.com/jobs/view/1581972826","https://www.linkedin.com/jobs/view/1555961002","https://www.linkedin.com/jobs/view/1625801535","https://www.linkedin.com/jobs/view/1554487413","https://www.linkedin.com/jobs/view/1575131307","https://www.linkedin.com/jobs/view/1550932385","https://www.linkedin.com/jobs/view/1573136391"
"https://www.linkedin.com/jobs/view/1561867058","https://www.linkedin.com/jobs/view/1581972826","https://www.linkedin.com/jobs/view/1555961002","https://www.linkedin.com/jobs/view/1625801535","https://www.linkedin.com/jobs/view/1554487413","https://www.linkedin.com/jobs/view/1575131307","https://www.linkedin.com/jobs/view/1550932385","https://www.linkedin.com/jobs/view/1573136391"
"https://www.linkedin.com/jobs/view/1561867058","https://www.linkedin.com/jobs/view/1581972826","https://www.linkedin.com/jobs/view/1555961002","https://www.linkedin.com/jobs/view/1625801535","https://www.linkedin.com/jobs/view/1554487413","https://www.linkedin.com/jobs/view/1575131307","https://www.linkedin.com/jobs/view/1550932385","https://www.linkedin.com/jobs/view/1573136391"
"https://www.linkedin.com/jobs/view/1561867058","https://www.linkedin.com/jobs/view/1581972826","https://www.linkedin.com/jobs/view/1555961002","https://www.linkedin.com/jobs/view/1625801535","https://www.linkedin.com/jobs/view/1554487413","https://www.linkedin.com/jobs/view/1575131307","https://www.linkedin.com/jobs/view/1550932385","https://www.linkedin.com/jobs/view/1573136391"
"https://www.linkedin.com/jobs/view/1561867058","https://www.linkedin.com/jobs/view/1581972826","https://www.linkedin.com/jobs/view/1555961002","https://www.linkedin.com/jobs/view/1625801535","https://www.linkedin.com/jobs/view/1554487413","https://www.linkedin.com/jobs/view/1575131307","https://www.linkedin.com/jobs/view/1550932385","https://www.linkedin.com/jobs/view/1573136391"
"https://www.linkedin.com/jobs/view/1561867058","https://www.linkedin.com/jobs/view/1581972826","https://www.linkedin.com/jobs/view/1555961002","https://www.linkedin.com/jobs/view/1625801535","https://www.linkedin.com/jobs/view/1554487413","https://www.linkedin.com/jobs/view/1575131307","https://www.linkedin.com/jobs/view/1550932385","https://www.linkedin.com/jobs/view/1573136391"
"https://www.linkedin.com/jobs/view/1561867058","https://www.linkedin.com/jobs/view/1581972826","https://www.linkedin.com/jobs/view/1555961002","https://www.linkedin.com/jobs/view/1625801535","https://www.linkedin.com/jobs/view/1554487413","https://www.linkedin.com/jobs/view/1575131307","https://www.linkedin.com/jobs/view/1550932385","https://www.linkedin.com/jobs/view/1573136391"
